name,identifier,leagues
Kobe Bryant,bryanko01,
Larry Bird,birdla01,
Kyle Korver,korveky01,
Don Kojis,kojisdo01,
Howard Komives,komivho01,
Ruben Patterson,patteru01,
Dion Waiters,waitedi01,
Kosta Koufos,koufoko01,
Jan van Breda Kolff,vanbrja01,
Jon Koncak,koncajo01,
Austin Reaves,reaveau01,
Kyle O'Quinn,oquinky01,
Furkan Korkmaz,korkmfu01,
Luke Kornet,kornelu01,
John Konchar,konchjo01,
Butch van Breda Kolff,vanbrbu01,
Milo Komenich,komenmi01,
Kornél Dávid,davidko01,
Sundiata Gaines,gainesu01,
Uwe Blab,blabuw01,
Joe Kopicki,kopicjo01,
Tom Kozelko,kozelto01,
Kostas Papanikolaou,papanko01,
Bud Koper,koperbu01,
Kobi Simmons,simmoko01,
Christian Koloko,kolokch01,
Frank Kornet,kornefr01,
Harold Kottman,kottmha01,
Bart Kofoed,kofoeba01,
Tom Kondla,kondlto01,
Andy Kostecka,kostean01,
Len Kosmalski,kosmale01,
Ron Kozlicki,kozliro01,
Kobe Brown,brownko01,
Kobe Bufkin,bufkiko01,
Yaroslav Korolev,korolya01,
Kostas Antetokounmpo,antetko01,
Korleone Young,youngko01,
Kosta Perović,perovko01,
Tony Koski,koskito01,
Ed Stokes,stokeed01,
Balša Koprivica,kopriba01,
Bob Kovach,kovacbo01,
Bronson Koenig,koenibr01,
Christ Koumadje,koumach01,
Dale Koehler,koehlda01,
Dick Kolberg,kolbedi01,
Don Koonce,kooncdo01,
Ed Koffenberger,koffeed01,
Ed Kohl,kohled01,
George Kok,kokge01,
Greg Kohls,kohlsgr01,
J.R. Koch,kochjr01,
Jerry Koch,kochje01,
Jim Kopp,koppji01,
Ken Koenigs,koenike01,
Ken Kowall,kowalke01,
Korie Lucious,lucioko01,
Korky Nelson,nelsoko01,
Mac Koshwal,koshwma01,
Max Kouguere,kouguma01,
Miller Kopp,koppmi01,
Norman Kohler,kohleno01,
Oleksandr Kobets,kobetol01,
Paulão Prestes,prestpa01,
Petteri Koponen,koponpe01,
Sagaba Konate,konatsa01,
Scott Koelzer,koelzsc01,
Tyler Kolek,kolekty01,
Will Cotchery,kotchwi01,
